source,target,value
Kanon_Herrero,Linda_Lagos,1
Irene_Nant,Gustav_Cazar,1
Marin_Onda,Anda_Ribera,1
Isak_Baza,Sven_Flecha,2
Lucas_Alcazar,Felix_Resumir,2
Lucas_Alcazar,Dante_Coginian,2
Axel_Calzas,Adra_Nubarron,2
Ingrid_Barranco,Vira_Frente,5
Irene_Nant,Benito_Hawelon,3
Emile_Arpa,Felix_Balas,1
Loreto_Bodrogi,Rachel_Pantanal,1
Elsa_Orilla,Lidelse_Dedos,2
Lucas_Alcazar,Edvard_Vann,2
Axel_Calzas,Nils_Calixto,2
Albina_Hafon,Adan_Morlun,7
Adra_Nubarron,Cornelia_Lais,3
Marin_Onda,Irene_Nant,1
Adan_Morlun,Stenig_Fusil,1
Gustav_Cazar,Willem_Vasco-Pais,1
Hideki_Cocinaro,Nils_Calixto,1
Dylan_Scozzese,Cornelia_Lais,1
Bertrand_Ovan,Valeria_Morlun,27
Hideki_Cocinaro,Lars_Azada,1
Inga_Ferro,Linda_Lagos,2
Varro_Awelon,Mat_Bramar,1
Kanon_Herrero,Felix_Resumir,6
Varro_Awelon,Felix_Balas,1
Lucas_Alcazar,Linda_Lagos,2
Benito_Hawelon,Cornelia_Lais,1
Valeria_Morlun,Dante_Coginian,2
Axel_Calzas,Inga_Ferro,2
Dante_Coginian,Vira_Frente,1
Anda_Ribera,Isande_Borrasca,1
Dante_Coginian,Sten_Sanjorge Jr_,1
Irene_Nant,Henk_Mies,6
Willem_Vasco-Pais,Kare_Orilla,1
Kanon_Herrero,Kare_Orilla,1
Hideki_Cocinaro,Kanon_Herrero,2
Hideki_Cocinaro,Ruscella_Mies_Haber,1
Loreto_Bodrogi,Claudio_Hawelon,1
Ruscella_Mies_Haber,Sten_Sanjorge Jr_,10
Claudio_Hawelon,Rachel_Pantanal,1
Isande_Borrasca,Nils_Calixto,2
Dylan_Scozzese,Adra_Nubarron,1
Adan_Morlun,Claudio_Hawelon,4
Benito_Hawelon,Valeria_Morlun,8
Ruscella_Mies_Haber,Dylan_Scozzese,10
Loreto_Bodrogi,Stenig_Fusil,3
Mat_Bramar,Hideki_Cocinaro,20
Ruscella_Mies_Haber,Emile_Arpa,10
Varja_Lagos,Stenig_Fusil,3
Emile_Arpa,Nils_Calixto,1
Varro_Awelon,Varja_Lagos,1
Anda_Ribera,Willem_Vasco-Pais,1
Isande_Borrasca,Gustav_Cazar,2
Willem_Vasco-Pais,Brand_Tempestad,1
Varro_Awelon,Lidelse_Dedos,1
Loreto_Bodrogi,Axel_Calzas,1
Albina_Hafon,Dante_Coginian,4
Isak_Baza,Lars_Azada,2
Gustav_Cazar,Nils_Calixto,1
Lucas_Alcazar,Isak_Baza,2
Inga_Ferro,Gustav_Cazar,2
Stenig_Fusil,Edvard_Vann,4
Lars_Azada,Minke_Mies,2
Ada_Campo-Corrente,Lidelse_Dedos,2
Claudio_Hawelon,Kanon_Herrero,1
Varro_Awelon,Nils_Calixto,1
Isande_Borrasca,Cecilia_Morluniau,2
Isak_Baza,Isia_Vann,2
Dylan_Scozzese,Adan_Morlun,5
Varro_Awelon,Hennie_Osvaldo,1
Benito_Hawelon,Gustav_Cazar,1
Lucas_Alcazar,Axel_Calzas,2
Ruscella_Mies_Haber,Minke_Mies,12
Inga_Ferro,Linnea_Bergen,2
Mat_Bramar,Benito_Hawelon,20
Willem_Vasco-Pais,Cornelia_Lais,1
Edvard_Vann,Kare_Orilla,2
Minke_Mies,Irene_Nant,1
Kanon_Herrero,Ada_Campo-Corrente,1
Ingrid_Barranco,Mat_Bramar,5
Adan_Morlun,Hideki_Cocinaro,1
Adra_Nubarron,Sten_Sanjorge Jr_,3
Linda_Lagos,Anda_Ribera,18
Dylan_Scozzese,Rachel_Pantanal,1
Loreto_Bodrogi,Orhan_Strum,1
Dylan_Scozzese,Ingrid_Barranco,1
Lars_Azada,Loreto_Bodrogi,2
Lucas_Alcazar,Varro_Awelon,2
Felix_Resumir,Kanon_Herrero,4
Benito_Hawelon,Emile_Arpa,7
Gustav_Cazar,Irene_Nant,1
Willem_Vasco-Pais,Ruscella_Mies_Haber,1
Varro_Awelon,Adra_Nubarron,1
Linnea_Bergen,Adra_Nubarron,2
Adan_Morlun,Valeria_Morlun,9
Mat_Bramar,Emile_Arpa,20
Lucas_Alcazar,Orhan_Strum,2
Minke_Mies,Isia_Vann,2
Inga_Ferro,Isande_Borrasca,2
Loreto_Bodrogi,Willem_Vasco-Pais,1
Minke_Mies,Elsa_Orilla,1
Ruscella_Mies_Haber,Felix_Resumir,10
Lucas_Alcazar,Emile_Arpa,2
Isande_Borrasca,Inga_Ferro,2
Ingrid_Barranco,Kare_Orilla,5
Hennie_Osvaldo,Minke_Mies,7
Mat_Bramar,Sten_Sanjorge Jr_,20
Lars_Azada,Gustav_Cazar,2
Isande_Borrasca,Ingrid_Barranco,2
Lars_Azada,Anda_Ribera,2
Axel_Calzas,Kare_Orilla,2
Cecilia_Morluniau,Benito_Hawelon,2
Mat_Bramar,Elsa_Orilla,20
Dylan_Scozzese,Isia_Vann,1
Felix_Resumir,Gustav_Cazar,2
Linnea_Bergen,Cecilia_Morluniau,2
Isak_Baza,Felix_Balas,2
Henk_Mies,Edvard_Vann,1
Adan_Morlun,Henk_Mies,12
Adra_Nubarron,Lidelse_Dedos,3
Adan_Morlun,Sten_Sanjorge Jr_,1
Stenig_Fusil,Loreto_Bodrogi,6
Axel_Calzas,Isia_Vann,2
Cornelia_Lais,Gustav_Cazar,1
Edvard_Vann,Rachel_Pantanal,2
Claudio_Hawelon,Irene_Nant,10
Dante_Coginian,Irene_Nant,5
Dante_Coginian,Linnea_Bergen,1
Kanon_Herrero,Willem_Vasco-Pais,1
Minke_Mies,Carla_Forluniau,1
Ada_Campo-Corrente,Dylan_Scozzese,2
Bertrand_Ovan,Emile_Arpa,27
Hideki_Cocinaro,Stenig_Fusil,4
Kanon_Herrero,Anda_Ribera,1
Adra_Nubarron,Axel_Calzas,3
Dante_Coginian,Birgitta_Frente,1
Willem_Vasco-Pais,Varja_Lagos,1
Hennie_Osvaldo,Isak_Baza,3
Edvard_Vann,Brand_Tempestad,2
Dante_Coginian,Bertrand_Ovan,3
Hennie_Osvaldo,Anda_Ribera,3
Mat_Bramar,Birgitta_Frente,20
Kanon_Herrero,Varja_Lagos,4
Axel_Calzas,Kanon_Herrero,2
Adan_Morlun,Orhan_Strum,1
Marin_Onda,Cornelia_Lais,1
Edvard_Vann,Dylan_Scozzese,2
Mat_Bramar,Lucas_Alcazar,20
Kanon_Herrero,Nils_Calixto,1
Isande_Borrasca,Adra_Nubarron,2
Irene_Nant,Mat_Bramar,1
Adan_Morlun,Edvard_Vann,1
Minke_Mies,Nils_Calixto,3
Benito_Hawelon,Mat_Bramar,1
Axel_Calzas,Brand_Tempestad,2
Elsa_Orilla,Willem_Vasco-Pais,2
Edvard_Vann,Birgitta_Frente,2
Axel_Calzas,Felix_Resumir,2
Isande_Borrasca,Irene_Nant,2
Isak_Baza,Elsa_Orilla,2
Edvard_Vann,Marin_Onda,2
Ada_Campo-Corrente,Linda_Lagos,2
Edvard_Vann,Anda_Ribera,2
Anda_Ribera,Irene_Nant,1
Elsa_Orilla,Marin_Onda,2
Claudio_Hawelon,Minke_Mies,1
Stenig_Fusil,Minke_Mies,6
Benito_Hawelon,Ruscella_Mies_Haber,1
Linnea_Bergen,Ruscella_Mies_Haber,3
Anda_Ribera,Birgitta_Frente,1
Mat_Bramar,Carla_Forluniau,38
Benito_Hawelon,Hennie_Osvaldo,1
Benito_Hawelon,Adan_Morlun,6
Rachel_Pantanal,Linda_Lagos,14
Gustav_Cazar,Elsa_Orilla,1
Marin_Onda,Isande_Borrasca,1
Felix_Resumir,Inga_Ferro,4
Dante_Coginian,Axel_Calzas,1
Ada_Campo-Corrente,Albina_Hafon,2
Anda_Ribera,Kare_Orilla,1
Claudio_Hawelon,Dylan_Scozzese,8
Felix_Resumir,Isia_Vann,3
Adra_Nubarron,Willem_Vasco-Pais,3
Isak_Baza,Minke_Mies,2
Gustav_Cazar,Mat_Bramar,1
Willem_Vasco-Pais,Hennie_Osvaldo,1
Isak_Baza,Lidelse_Dedos,2
Claudio_Hawelon,Vira_Frente,1
Ada_Campo-Corrente,Benito_Hawelon,2
Minke_Mies,Kare_Orilla,1
Felix_Balas,Hennie_Osvaldo,1
Varro_Awelon,Ada_Campo-Corrente,1
Hennie_Osvaldo,Loreto_Bodrogi,7
Emile_Arpa,Kanon_Herrero,1
Lars_Azada,Isia_Vann,2
Mat_Bramar,Marin_Onda,20
Isak_Baza,Brand_Tempestad,2
Adan_Morlun,Brand_Tempestad,1
Ada_Campo-Corrente,Kare_Orilla,2
Ingrid_Barranco,Nils_Calixto,5
Hennie_Osvaldo,Mat_Bramar,3
Kanon_Herrero,Sten_Sanjorge Jr_,1
Kanon_Herrero,Marin_Onda,1
Ruscella_Mies_Haber,Carla_Forluniau,24
Irene_Nant,Birgitta_Frente,1
Claudio_Hawelon,Carla_Forluniau,1
Adan_Morlun,Minke_Mies,1
Willem_Vasco-Pais,Ada_Campo-Corrente,1
Hennie_Osvaldo,Cecilia_Morluniau,3
Kanon_Herrero,Dylan_Scozzese,1
Edvard_Vann,Lucas_Alcazar,2
Edvard_Vann,Claudio_Hawelon,2
Gustav_Cazar,Isande_Borrasca,1
Isande_Borrasca,Linda_Lagos,2
Kanon_Herrero,Varro_Awelon,1
Irene_Nant,Claudio_Hawelon,5
Kanon_Herrero,Axel_Calzas,1
Kanon_Herrero,Adra_Nubarron,1
Dante_Coginian,Cornelia_Lais,1
Hennie_Osvaldo,Nils_Calixto,3
Cornelia_Lais,Bertrand_Ovan,1
Emile_Arpa,Brand_Tempestad,1
Hideki_Cocinaro,Sven_Flecha,1
Felix_Resumir,Sten_Sanjorge Jr_,2
Adra_Nubarron,Dylan_Scozzese,3
Irene_Nant,Willem_Vasco-Pais,1
Cornelia_Lais,Varja_Lagos,1
Lucas_Alcazar,Rachel_Pantanal,2
Lucas_Alcazar,Hideki_Cocinaro,2
Axel_Calzas,Ruscella_Mies_Haber,2
Ingrid_Barranco,Varja_Lagos,5
Hideki_Cocinaro,Birgitta_Frente,1
Loreto_Bodrogi,Lucas_Alcazar,1
Marin_Onda,Vira_Frente,1
Elsa_Orilla,Sten_Sanjorge Jr_,2
Marin_Onda,Adra_Nubarron,1
Dante_Coginian,Ada_Campo-Corrente,1
Elsa_Orilla,Felix_Resumir,2
Mat_Bramar,Felix_Balas,20
Cornelia_Lais,Ada_Campo-Corrente,1
Benito_Hawelon,Elsa_Orilla,1
Lucas_Alcazar,Varja_Lagos,2
Gustav_Cazar,Kare_Orilla,1
Irene_Nant,Loreto_Bodrogi,1
Axel_Calzas,Birgitta_Frente,2
Anda_Ribera,Isia_Vann,1
Inga_Ferro,Felix_Balas,2
Linnea_Bergen,Felix_Balas,2
Irene_Nant,Isak_Baza,1
Lucas_Alcazar,Sten_Sanjorge Jr_,2
Hideki_Cocinaro,Minke_Mies,3
Inga_Ferro,Vira_Frente,2
Loreto_Bodrogi,Birgitta_Frente,1
Anda_Ribera,Marin_Onda,1
Ada_Campo-Corrente,Dante_Coginian,2
Inga_Ferro,Orhan_Strum,2
Ingrid_Barranco,Bertrand_Ovan,5
Cornelia_Lais,Sten_Sanjorge Jr_,1
Emile_Arpa,Varja_Lagos,1
Varro_Awelon,Inga_Ferro,1
Adan_Morlun,Inga_Ferro,1
Isande_Borrasca,Kare_Orilla,2
Linnea_Bergen,Lucas_Alcazar,2
Lucas_Alcazar,Anda_Ribera,2
Marin_Onda,Ingrid_Barranco,1
Ingrid_Barranco,Benito_Hawelon,5
Gustav_Cazar,Benito_Hawelon,1
Varro_Awelon,Linnea_Bergen,1
Irene_Nant,Felix_Resumir,1
Isande_Borrasca,Edvard_Vann,2
Kanon_Herrero,Valeria_Morlun,1
Elsa_Orilla,Minke_Mies,2
Isak_Baza,Dylan_Scozzese,2
Benito_Hawelon,Minke_Mies,1
Ada_Campo-Corrente,Marin_Onda,2
Felix_Resumir,Carla_Forluniau,2
Isande_Borrasca,Lars_Azada,2
Isande_Borrasca,Marin_Onda,2
Varro_Awelon,Cecilia_Morluniau,5
Marin_Onda,Nils_Calixto,1
Inga_Ferro,Hideki_Cocinaro,3
Benito_Hawelon,Dylan_Scozzese,6
Kanon_Herrero,Lars_Azada,1
Adra_Nubarron,Ingrid_Barranco,3
Mat_Bramar,Edvard_Vann,20
Linnea_Bergen,Minke_Mies,3
Dylan_Scozzese,Dante_Coginian,5
Adan_Morlun,Felix_Resumir,1
Axel_Calzas,Henk_Mies,2
Ada_Campo-Corrente,Valeria_Morlun,2
Elsa_Orilla,Claudio_Hawelon,2
Loreto_Bodrogi,Hideki_Cocinaro,3
Kanon_Herrero,Vira_Frente,1
Willem_Vasco-Pais,Linnea_Bergen,1
Edvard_Vann,Linda_Lagos,2
Ada_Campo-Corrente,Inga_Ferro,2
Elsa_Orilla,Inga_Ferro,2
Emile_Arpa,Vira_Frente,1
Ruscella_Mies_Haber,Benito_Hawelon,10
Loreto_Bodrogi,Adan_Morlun,1
Benito_Hawelon,Felix_Balas,1
Ingrid_Barranco,Felix_Resumir,5
Hideki_Cocinaro,Gustav_Cazar,1
Lars_Azada,Benito_Hawelon,2
Adan_Morlun,Isia_Vann,1
Felix_Resumir,Varja_Lagos,4
Linnea_Bergen,Cornelia_Lais,2
Linnea_Bergen,Adan_Morlun,2
Irene_Nant,Bertrand_Ovan,4
Anda_Ribera,Isak_Baza,1
Axel_Calzas,Dante_Coginian,2
Benito_Hawelon,Axel_Calzas,1
Claudio_Hawelon,Linnea_Bergen,1
Isak_Baza,Anda_Ribera,2
Lucas_Alcazar,Elsa_Orilla,2
Lucas_Alcazar,Cornelia_Lais,2
Marin_Onda,Cecilia_Morluniau,1
Cecilia_Morluniau,Bertrand_Ovan,4
Inga_Ferro,Varro_Awelon,2
Benito_Hawelon,Varja_Lagos,1
Claudio_Hawelon,Elsa_Orilla,1
Adra_Nubarron,Irene_Nant,3
Minke_Mies,Lidelse_Dedos,1
Hennie_Osvaldo,Bertrand_Ovan,3
Claudio_Hawelon,Isak_Baza,1
Varro_Awelon,Sten_Sanjorge Jr_,1
Ruscella_Mies_Haber,Edvard_Vann,10
Anda_Ribera,Loreto_Bodrogi,1
Lars_Azada,Elsa_Orilla,2
Linda_Lagos,Rachel_Pantanal,18
Varro_Awelon,Willem_Vasco-Pais,1
Inga_Ferro,Lucas_Alcazar,2
Edvard_Vann,Albina_Hafon,2
Willem_Vasco-Pais,Nils_Calixto,1
Rachel_Pantanal,Carla_Forluniau,14
Claudio_Hawelon,Varja_Lagos,1
Dante_Coginian,Henk_Mies,7
Mat_Bramar,Loreto_Bodrogi,20
Minke_Mies,Vira_Frente,4
Mat_Bramar,Irene_Nant,20
Claudio_Hawelon,Ingrid_Barranco,1
Emile_Arpa,Anda_Ribera,1
Edvard_Vann,Cornelia_Lais,2
Ingrid_Barranco,Dante_Coginian,5
Willem_Vasco-Pais,Adan_Morlun,1
Minke_Mies,Kanon_Herrero,1
Hideki_Cocinaro,Loreto_Bodrogi,1
Lars_Azada,Orhan_Strum,2
Adra_Nubarron,Emile_Arpa,3
Hideki_Cocinaro,Isia_Vann,5
Isande_Borrasca,Henk_Mies,2
Emile_Arpa,Hennie_Osvaldo,1
Benito_Hawelon,Marin_Onda,1
Claudio_Hawelon,Linda_Lagos,1
Gustav_Cazar,Lars_Azada,1
Lucas_Alcazar,Henk_Mies,2
Inga_Ferro,Stenig_Fusil,2
Edvard_Vann,Hideki_Cocinaro,5
Benito_Hawelon,Ada_Campo-Corrente,1
Albina_Hafon,Benito_Hawelon,6
Anda_Ribera,Lars_Azada,1
Minke_Mies,Ruscella_Mies_Haber,2
Hideki_Cocinaro,Varja_Lagos,4
Varro_Awelon,Isande_Borrasca,1
Bertrand_Ovan,Cecilia_Morluniau,25
Kanon_Herrero,Felix_Balas,1
Stenig_Fusil,Hennie_Osvaldo,9
Edvard_Vann,Vira_Frente,2
Marin_Onda,Albina_Hafon,1
Loreto_Bodrogi,Kanon_Herrero,3
Linnea_Bergen,Carla_Forluniau,2
Adra_Nubarron,Stenig_Fusil,3
Vira_Frente,Minke_Mies,3
Axel_Calzas,Bertrand_Ovan,2
Felix_Resumir,Birgitta_Frente,2
Ada_Campo-Corrente,Nils_Calixto,2
Dante_Coginian,Carla_Forluniau,1
Lars_Azada,Irene_Nant,2
Willem_Vasco-Pais,Claudio_Hawelon,1
Cornelia_Lais,Varro_Awelon,1
Ruscella_Mies_Haber,Stenig_Fusil,10
Emile_Arpa,Inga_Ferro,1
Axel_Calzas,Lidelse_Dedos,2
Elsa_Orilla,Adra_Nubarron,2
Linnea_Bergen,Orhan_Strum,2
Marin_Onda,Sven_Flecha,1
Isande_Borrasca,Felix_Balas,2
Lucas_Alcazar,Stenig_Fusil,2
Adan_Morlun,Kanon_Herrero,1
Felix_Resumir,Felix_Balas,2
Cecilia_Morluniau,Adan_Morlun,8
Felix_Resumir,Willem_Vasco-Pais,2
Hideki_Cocinaro,Marin_Onda,1
Adra_Nubarron,Ada_Campo-Corrente,3
Dylan_Scozzese,Kanon_Herrero,1
Marin_Onda,Lars_Azada,1
Isak_Baza,Claudio_Hawelon,2
Mat_Bramar,Bertrand_Ovan,20
Inga_Ferro,Ruscella_Mies_Haber,4
Willem_Vasco-Pais,Albina_Hafon,1
Hennie_Osvaldo,Ingrid_Barranco,3
Lucas_Alcazar,Isia_Vann,2
Irene_Nant,Isia_Vann,1
Adra_Nubarron,Ruscella_Mies_Haber,5
Lars_Azada,Ada_Campo-Corrente,2
Cornelia_Lais,Adra_Nubarron,1
Minke_Mies,Varro_Awelon,1
Ruscella_Mies_Haber,Isia_Vann,12
Kanon_Herrero,Hideki_Cocinaro,3
Benito_Hawelon,Loreto_Bodrogi,1
Willem_Vasco-Pais,Hideki_Cocinaro,1
Felix_Resumir,Orhan_Strum,2
Mat_Bramar,Ingrid_Barranco,20
Gustav_Cazar,Hideki_Cocinaro,1
Mat_Bramar,Ada_Campo-Corrente,20
Benito_Hawelon,Willem_Vasco-Pais,1
Loreto_Bodrogi,Isak_Baza,1
Anda_Ribera,Adra_Nubarron,1
Axel_Calzas,Loreto_Bodrogi,2
Lars_Azada,Stenig_Fusil,2
Loreto_Bodrogi,Anda_Ribera,1
Inga_Ferro,Isak_Baza,2
Loreto_Bodrogi,Adra_Nubarron,1
Felix_Resumir,Kare_Orilla,2
Hideki_Cocinaro,Felix_Balas,1
Irene_Nant,Linda_Lagos,1
Hennie_Osvaldo,Ada_Campo-Corrente,3
Kanon_Herrero,Adan_Morlun,1
Isak_Baza,Emile_Arpa,2
Inga_Ferro,Claudio_Hawelon,2
Adan_Morlun,Hennie_Osvaldo,1
Mat_Bramar,Kare_Orilla,20
Cornelia_Lais,Axel_Calzas,1
Marin_Onda,Adan_Morlun,1
Edvard_Vann,Valeria_Morlun,2
Ada_Campo-Corrente,Minke_Mies,2
Mat_Bramar,Felix_Resumir,20
Lars_Azada,Rachel_Pantanal,2
Emile_Arpa,Isia_Vann,1
Varro_Awelon,Brand_Tempestad,1
Hennie_Osvaldo,Inga_Ferro,6
Dylan_Scozzese,Kare_Orilla,1
Kanon_Herrero,Gustav_Cazar,1
Linnea_Bergen,Isia_Vann,3
Bertrand_Ovan,Adan_Morlun,26
Inga_Ferro,Loreto_Bodrogi,8
Anda_Ribera,Bertrand_Ovan,1
Adan_Morlun,Axel_Calzas,1
Anda_Ribera,Felix_Balas,1
Marin_Onda,Hideki_Cocinaro,1
Hideki_Cocinaro,Linnea_Bergen,1
Dante_Coginian,Mat_Bramar,1
Isande_Borrasca,Hideki_Cocinaro,2
Mat_Bramar,Linnea_Bergen,20
Anda_Ribera,Albina_Hafon,1
Isak_Baza,Rachel_Pantanal,2
Benito_Hawelon,Hideki_Cocinaro,1
Minke_Mies,Linda_Lagos,1
Anda_Ribera,Cornelia_Lais,14
Lars_Azada,Claudio_Hawelon,2
Bertrand_Ovan,Varro_Awelon,25
Isia_Vann,Kanon_Herrero,1
Adan_Morlun,Irene_Nant,6
Carla_Forluniau,Linda_Lagos,19
Dylan_Scozzese,Nils_Calixto,1
Isande_Borrasca,Benito_Hawelon,2
Dante_Coginian,Lars_Azada,1
Elsa_Orilla,Birgitta_Frente,2
Ruscella_Mies_Haber,Albina_Hafon,10
Gustav_Cazar,Albina_Hafon,1
Loreto_Bodrogi,Bertrand_Ovan,1
Benito_Hawelon,Cecilia_Morluniau,7
Lars_Azada,Dylan_Scozzese,2
Axel_Calzas,Carla_Forluniau,2
Minke_Mies,Adra_Nubarron,2
Ingrid_Barranco,Birgitta_Frente,5
Felix_Resumir,Bertrand_Ovan,2
Elsa_Orilla,Loreto_Bodrogi,2
Anda_Ribera,Kanon_Herrero,1
Willem_Vasco-Pais,Loreto_Bodrogi,1
Henk_Mies,Adan_Morlun,19
Ada_Campo-Corrente,Ruscella_Mies_Haber,3
Cornelia_Lais,Carla_Forluniau,21
Marin_Onda,Linnea_Bergen,1
Elsa_Orilla,Isak_Baza,2
Benito_Hawelon,Varro_Awelon,4
Ada_Campo-Corrente,Irene_Nant,2
Ada_Campo-Corrente,Adra_Nubarron,2
Minke_Mies,Felix_Balas,1
Ingrid_Barranco,Claudio_Hawelon,5
Varro_Awelon,Claudio_Hawelon,5
Claudio_Hawelon,Hideki_Cocinaro,1
Claudio_Hawelon,Lidelse_Dedos,1
Marin_Onda,Mat_Bramar,1
Irene_Nant,Axel_Calzas,1
Ingrid_Barranco,Inga_Ferro,5
Ruscella_Mies_Haber,Isande_Borrasca,10
Isak_Baza,Loreto_Bodrogi,2
Minke_Mies,Dante_Coginian,1
Ada_Campo-Corrente,Adan_Morlun,2
Inga_Ferro,Cornelia_Lais,2
Anda_Ribera,Dylan_Scozzese,1
Ingrid_Barranco,Adan_Morlun,5
Dylan_Scozzese,Felix_Balas,1
Adra_Nubarron,Linnea_Bergen,3
Irene_Nant,Cecilia_Morluniau,5
Irene_Nant,Edvard_Vann,1
Varro_Awelon,Kare_Orilla,1
Claudio_Hawelon,Isia_Vann,3
Cornelia_Lais,Linnea_Bergen,1
Linnea_Bergen,Ada_Campo-Corrente,2
Emile_Arpa,Ingrid_Barranco,1
Elsa_Orilla,Adan_Morlun,2
Cornelia_Lais,Isande_Borrasca,1
Albina_Hafon,Cecilia_Morluniau,8
Emile_Arpa,Willem_Vasco-Pais,1
Ingrid_Barranco,Irene_Nant,5
Marin_Onda,Isak_Baza,1
Irene_Nant,Linnea_Bergen,1
Lars_Azada,Varja_Lagos,2
Edvard_Vann,Dante_Coginian,2
Minke_Mies,Ada_Campo-Corrente,1
Cecilia_Morluniau,Dylan_Scozzese,4
Loreto_Bodrogi,Gustav_Cazar,1
Hennie_Osvaldo,Vira_Frente,3
Ruscella_Mies_Haber,Loreto_Bodrogi,12
Linnea_Bergen,Gustav_Cazar,2
Benito_Hawelon,Ingrid_Barranco,1
Ruscella_Mies_Haber,Adan_Morlun,10
Emile_Arpa,Axel_Calzas,1
Varro_Awelon,Ingrid_Barranco,1
Lars_Azada,Vira_Frente,2
Axel_Calzas,Sten_Sanjorge Jr_,2
Edvard_Vann,Stenig_Fusil,3
Axel_Calzas,Isak_Baza,2
Claudio_Hawelon,Mat_Bramar,1
Claudio_Hawelon,Stenig_Fusil,1
Adan_Morlun,Bertrand_Ovan,3
Lucas_Alcazar,Lars_Azada,2
Kanon_Herrero,Lidelse_Dedos,1
Axel_Calzas,Felix_Balas,2
Irene_Nant,Valeria_Morlun,2
Adra_Nubarron,Claudio_Hawelon,3
Anda_Ribera,Dante_Coginian,1
Axel_Calzas,Isande_Borrasca,2
Edvard_Vann,Felix_Resumir,6
Cornelia_Lais,Stenig_Fusil,1
Varro_Awelon,Edvard_Vann,1
Mat_Bramar,Dante_Coginian,20
Ingrid_Barranco,Hennie_Osvaldo,5
Isande_Borrasca,Axel_Calzas,2
Nils_Calixto,Minke_Mies,2
Elsa_Orilla,Axel_Calzas,2
Emile_Arpa,Cecilia_Morluniau,1
Mat_Bramar,Inga_Ferro,20
Albina_Hafon,Irene_Nant,6
Dante_Coginian,Lucas_Alcazar,1
Linnea_Bergen,Kanon_Herrero,2
Elsa_Orilla,Nils_Calixto,2
Benito_Hawelon,Anda_Ribera,1
Cornelia_Lais,Mat_Bramar,21
Loreto_Bodrogi,Brand_Tempestad,1
Loreto_Bodrogi,Irene_Nant,1
Rachel_Pantanal,Hennie_Osvaldo,2
Benito_Hawelon,Kare_Orilla,1
Claudio_Hawelon,Gustav_Cazar,1
Dante_Coginian,Edvard_Vann,1
Hennie_Osvaldo,Linnea_Bergen,3
Cornelia_Lais,Birgitta_Frente,1
Hideki_Cocinaro,Brand_Tempestad,1
Felix_Resumir,Edvard_Vann,5
Ruscella_Mies_Haber,Willem_Vasco-Pais,10
Ruscella_Mies_Haber,Axel_Calzas,10
Kanon_Herrero,Albina_Hafon,1
Irene_Nant,Dante_Coginian,4
Dylan_Scozzese,Emile_Arpa,5
Emile_Arpa,Birgitta_Frente,1
Minke_Mies,Benito_Hawelon,1
Varro_Awelon,Benito_Hawelon,4
Emile_Arpa,Linda_Lagos,1
Claudio_Hawelon,Willem_Vasco-Pais,1
Benito_Hawelon,Bertrand_Ovan,3
Bertrand_Ovan,Henk_Mies,27
Anda_Ribera,Ingrid_Barranco,1
Loreto_Bodrogi,Felix_Resumir,2
Ada_Campo-Corrente,Loreto_Bodrogi,2
Isak_Baza,Cornelia_Lais,2
Edvard_Vann,Orhan_Strum,2
Mat_Bramar,Linda_Lagos,38
Irene_Nant,Lars_Azada,1
Benito_Hawelon,Claudio_Hawelon,8
Adra_Nubarron,Sven_Flecha,3
Ingrid_Barranco,Linnea_Bergen,5
Dante_Coginian,Cecilia_Morluniau,4
Minke_Mies,Cornelia_Lais,1
Dylan_Scozzese,Ruscella_Mies_Haber,1
Claudio_Hawelon,Marin_Onda,1
Kanon_Herrero,Isak_Baza,1
Felix_Resumir,Ingrid_Barranco,2
Minke_Mies,Marin_Onda,1
Marin_Onda,Dylan_Scozzese,1
Anda_Ribera,Sven_Flecha,1
Dante_Coginian,Hideki_Cocinaro,1
Mat_Bramar,Orhan_Strum,20
Axel_Calzas,Sven_Flecha,2
Linnea_Bergen,Varro_Awelon,2
Lars_Azada,Marin_Onda,2
Ingrid_Barranco,Lucas_Alcazar,5
Bertrand_Ovan,Irene_Nant,26
Emile_Arpa,Stenig_Fusil,1
Loreto_Bodrogi,Linda_Lagos,1
Willem_Vasco-Pais,Birgitta_Frente,1
Valeria_Morlun,Albina_Hafon,4
Anda_Ribera,Hennie_Osvaldo,1
Lucas_Alcazar,Irene_Nant,2
Adra_Nubarron,Felix_Resumir,3
Kanon_Herrero,Sven_Flecha,1
Elsa_Orilla,Rachel_Pantanal,2
Mat_Bramar,Claudio_Hawelon,20
Willem_Vasco-Pais,Emile_Arpa,1
Adan_Morlun,Rachel_Pantanal,1
Anda_Ribera,Orhan_Strum,1
Isak_Baza,Stenig_Fusil,2
Ada_Campo-Corrente,Edvard_Vann,2
Cornelia_Lais,Rachel_Pantanal,21
Gustav_Cazar,Felix_Resumir,1
Isande_Borrasca,Mat_Bramar,2
Dante_Coginian,Isia_Vann,1
Mat_Bramar,Dylan_Scozzese,20
Elsa_Orilla,Edvard_Vann,4
Varro_Awelon,Anda_Ribera,1
Linnea_Bergen,Varja_Lagos,2
Ruscella_Mies_Haber,Marin_Onda,10
Isande_Borrasca,Stenig_Fusil,2
Dante_Coginian,Anda_Ribera,1
Elsa_Orilla,Linda_Lagos,2
Edvard_Vann,Sven_Flecha,2
Adan_Morlun,Kare_Orilla,1
Isia_Vann,Rachel_Pantanal,9
Gustav_Cazar,Ada_Campo-Corrente,1
Henk_Mies,Cecilia_Morluniau,16
Dante_Coginian,Marin_Onda,1
Isia_Vann,Minke_Mies,2
Axel_Calzas,Anda_Ribera,2
Edvard_Vann,Varro_Awelon,2
Loreto_Bodrogi,Elsa_Orilla,1
Lars_Azada,Linnea_Bergen,2
Adan_Morlun,Ruscella_Mies_Haber,1
Isande_Borrasca,Varja_Lagos,2
Adra_Nubarron,Henk_Mies,3
Inga_Ferro,Edvard_Vann,3
Inga_Ferro,Benito_Hawelon,2
Minke_Mies,Birgitta_Frente,1
Cecilia_Morluniau,Henk_Mies,9
Benito_Hawelon,Albina_Hafon,9
Adan_Morlun,Ingrid_Barranco,1
Elsa_Orilla,Kanon_Herrero,2
Inga_Ferro,Henk_Mies,5
Claudio_Hawelon,Adra_Nubarron,1
Adra_Nubarron,Elsa_Orilla,3
Linnea_Bergen,Dante_Coginian,2
Hideki_Cocinaro,Kare_Orilla,1
Ruscella_Mies_Haber,Bertrand_Ovan,10
Minke_Mies,Isande_Borrasca,1
Hennie_Osvaldo,Elsa_Orilla,3
Isak_Baza,Inga_Ferro,2
Ingrid_Barranco,Emile_Arpa,5
Varro_Awelon,Henk_Mies,6
Inga_Ferro,Hennie_Osvaldo,8
Inga_Ferro,Ingrid_Barranco,2
Ruscella_Mies_Haber,Varja_Lagos,10
Elsa_Orilla,Orhan_Strum,2
Cornelia_Lais,Minke_Mies,1
Ada_Campo-Corrente,Willem_Vasco-Pais,2
Edvard_Vann,Minke_Mies,6
Linnea_Bergen,Anda_Ribera,2
Linnea_Bergen,Sven_Flecha,2
Mat_Bramar,Isia_Vann,20
Gustav_Cazar,Edvard_Vann,1
Varja_Lagos,Loreto_Bodrogi,6
Isia_Vann,Claudio_Hawelon,4
Willem_Vasco-Pais,Sten_Sanjorge Jr_,1
Henk_Mies,Albina_Hafon,20
Isia_Vann,Loreto_Bodrogi,3
Axel_Calzas,Willem_Vasco-Pais,2
Benito_Hawelon,Lucas_Alcazar,1
Ada_Campo-Corrente,Vira_Frente,2
Lucas_Alcazar,Gustav_Cazar,2
Adan_Morlun,Linnea_Bergen,1
Cornelia_Lais,Hennie_Osvaldo,1
Dylan_Scozzese,Varja_Lagos,1
Willem_Vasco-Pais,Ingrid_Barranco,1
Claudio_Hawelon,Cornelia_Lais,1
Lucas_Alcazar,Benito_Hawelon,2
Ruscella_Mies_Haber,Dante_Coginian,10
Kanon_Herrero,Inga_Ferro,7
Gustav_Cazar,Brand_Tempestad,1
Minke_Mies,Gustav_Cazar,1
Elsa_Orilla,Linnea_Bergen,2
Hennie_Osvaldo,Adan_Morlun,3
Inga_Ferro,Elsa_Orilla,2
Linnea_Bergen,Irene_Nant,2
Minke_Mies,Adan_Morlun,1
Emile_Arpa,Cornelia_Lais,1
Willem_Vasco-Pais,Edvard_Vann,1
Hennie_Osvaldo,Kare_Orilla,3
Ada_Campo-Corrente,Rachel_Pantanal,2
Adra_Nubarron,Varro_Awelon,3
Mat_Bramar,Albina_Hafon,20
Ruscella_Mies_Haber,Varro_Awelon,10
Hennie_Osvaldo,Lucas_Alcazar,3
Mat_Bramar,Willem_Vasco-Pais,20
Isak_Baza,Adan_Morlun,2
Emile_Arpa,Sven_Flecha,1
Irene_Nant,Lucas_Alcazar,1
Lars_Azada,Bertrand_Ovan,2
Varro_Awelon,Carla_Forluniau,1
Kanon_Herrero,Mat_Bramar,1
Claudio_Hawelon,Hennie_Osvaldo,1
Minke_Mies,Axel_Calzas,1
Linnea_Bergen,Linda_Lagos,2
Hideki_Cocinaro,Emile_Arpa,1
Lars_Azada,Nils_Calixto,2
Gustav_Cazar,Loreto_Bodrogi,1
Varja_Lagos,Edvard_Vann,2
Hideki_Cocinaro,Adan_Morlun,1
Edvard_Vann,Benito_Hawelon,2
Adan_Morlun,Varja_Lagos,1
Axel_Calzas,Claudio_Hawelon,2
Ruscella_Mies_Haber,Lars_Azada,10
Lars_Azada,Varro_Awelon,2
Benito_Hawelon,Isande_Borrasca,1
Benito_Hawelon,Adra_Nubarron,1
Cornelia_Lais,Hideki_Cocinaro,1
Willem_Vasco-Pais,Irene_Nant,1
Hideki_Cocinaro,Linda_Lagos,1
Hennie_Osvaldo,Henk_Mies,3
Dylan_Scozzese,Isande_Borrasca,1
Claudio_Hawelon,Henk_Mies,11
Lucas_Alcazar,Adan_Morlun,2
Cornelia_Lais,Albina_Hafon,1
Emile_Arpa,Adra_Nubarron,1
Elsa_Orilla,Carla_Forluniau,2
Willem_Vasco-Pais,Marin_Onda,1
Felix_Resumir,Cornelia_Lais,2
Isak_Baza,Marin_Onda,2
Gustav_Cazar,Emile_Arpa,1
Hennie_Osvaldo,Benito_Hawelon,3
Isande_Borrasca,Orhan_Strum,2
Ada_Campo-Corrente,Birgitta_Frente,2
Hennie_Osvaldo,Cornelia_Lais,3
Benito_Hawelon,Linda_Lagos,1
Adra_Nubarron,Isia_Vann,3
Hideki_Cocinaro,Ada_Campo-Corrente,1
Cornelia_Lais,Lucas_Alcazar,1
Ruscella_Mies_Haber,Gustav_Cazar,10
Gustav_Cazar,Dante_Coginian,1
Varro_Awelon,Bertrand_Ovan,2
Irene_Nant,Nils_Calixto,1
Dylan_Scozzese,Ada_Campo-Corrente,1
Valeria_Morlun,Dylan_Scozzese,3
Varro_Awelon,Axel_Calzas,1
Ruscella_Mies_Haber,Hennie_Osvaldo,12
Kanon_Herrero,Benito_Hawelon,1
Inga_Ferro,Lidelse_Dedos,2
Willem_Vasco-Pais,Varro_Awelon,1
Varro_Awelon,Loreto_Bodrogi,1
Marin_Onda,Stenig_Fusil,1
Dante_Coginian,Nils_Calixto,1
Hideki_Cocinaro,Hennie_Osvaldo,4
Isak_Baza,Varro_Awelon,2
Ingrid_Barranco,Valeria_Morlun,5
Ingrid_Barranco,Gustav_Cazar,5
Emile_Arpa,Varro_Awelon,3
Dylan_Scozzese,Felix_Resumir,1
Henk_Mies,Inga_Ferro,3
Lucas_Alcazar,Lidelse_Dedos,2
Isak_Baza,Edvard_Vann,2
Emile_Arpa,Adan_Morlun,4
Linnea_Bergen,Bertrand_Ovan,2
Irene_Nant,Lidelse_Dedos,1
Anda_Ribera,Mat_Bramar,14
Kanon_Herrero,Hennie_Osvaldo,8
Hideki_Cocinaro,Dante_Coginian,1
Isak_Baza,Ingrid_Barranco,2
Anda_Ribera,Axel_Calzas,1
Dante_Coginian,Elsa_Orilla,1
Lucas_Alcazar,Birgitta_Frente,2
Hideki_Cocinaro,Carla_Forluniau,1
Hennie_Osvaldo,Ruscella_Mies_Haber,5
Lucas_Alcazar,Brand_Tempestad,2
Willem_Vasco-Pais,Orhan_Strum,1
Loreto_Bodrogi,Cecilia_Morluniau,1
Willem_Vasco-Pais,Rachel_Pantanal,1
Varro_Awelon,Felix_Resumir,1
Felix_Resumir,Mat_Bramar,2
Kanon_Herrero,Cornelia_Lais,1
Ada_Campo-Corrente,Elsa_Orilla,2
Ada_Campo-Corrente,Gustav_Cazar,2
Ingrid_Barranco,Lars_Azada,5
Claudio_Hawelon,Sten_Sanjorge Jr_,1
Isande_Borrasca,Claudio_Hawelon,2
Emile_Arpa,Isande_Borrasca,1
Felix_Resumir,Emile_Arpa,2
Felix_Resumir,Rachel_Pantanal,2
Ruscella_Mies_Haber,Nils_Calixto,10
Axel_Calzas,Hideki_Cocinaro,2
Dante_Coginian,Ruscella_Mies_Haber,1
Isia_Vann,Stenig_Fusil,2
Ada_Campo-Corrente,Isia_Vann,2
Isak_Baza,Bertrand_Ovan,2
Loreto_Bodrogi,Mat_Bramar,1
Gustav_Cazar,Varro_Awelon,1
Loreto_Bodrogi,Marin_Onda,1
Gustav_Cazar,Isia_Vann,1
Hennie_Osvaldo,Varro_Awelon,3
Dylan_Scozzese,Varro_Awelon,5
Isande_Borrasca,Ada_Campo-Corrente,2
Varro_Awelon,Adan_Morlun,5
Adra_Nubarron,Mat_Bramar,3
Emile_Arpa,Irene_Nant,2
Elsa_Orilla,Felix_Balas,2
Elsa_Orilla,Varro_Awelon,2
Felix_Resumir,Nils_Calixto,2
Inga_Ferro,Kare_Orilla,2
Rachel_Pantanal,Anda_Ribera,14
Ruscella_Mies_Haber,Felix_Balas,10
Emile_Arpa,Orhan_Strum,1
Hennie_Osvaldo,Willem_Vasco-Pais,3
Adra_Nubarron,Carla_Forluniau,3
Dante_Coginian,Benito_Hawelon,6
Marin_Onda,Inga_Ferro,1
Mat_Bramar,Isande_Borrasca,20
Hennie_Osvaldo,Claudio_Hawelon,3
Dante_Coginian,Valeria_Morlun,5
Valeria_Morlun,Claudio_Hawelon,3
Isande_Borrasca,Sven_Flecha,2
Elsa_Orilla,Hideki_Cocinaro,2
Anda_Ribera,Hideki_Cocinaro,1
Bertrand_Ovan,Albina_Hafon,26
Dylan_Scozzese,Brand_Tempestad,1
Adan_Morlun,Vira_Frente,1
Dylan_Scozzese,Loreto_Bodrogi,1
Henk_Mies,Sten_Sanjorge Jr_,2
Varro_Awelon,Orhan_Strum,1
Inga_Ferro,Dante_Coginian,2
Hideki_Cocinaro,Irene_Nant,1
Varja_Lagos,Minke_Mies,5
Rachel_Pantanal,Mat_Bramar,14
Minke_Mies,Rachel_Pantanal,1
Hideki_Cocinaro,Henk_Mies,1
Hideki_Cocinaro,Lidelse_Dedos,1
Willem_Vasco-Pais,Valeria_Morlun,1
Minke_Mies,Albina_Hafon,1
Ada_Campo-Corrente,Hennie_Osvaldo,2
Loreto_Bodrogi,Dante_Coginian,1
Dante_Coginian,Adra_Nubarron,1
Kanon_Herrero,Loreto_Bodrogi,4
Loreto_Bodrogi,Isia_Vann,5
Isak_Baza,Henk_Mies,2
Hennie_Osvaldo,Gustav_Cazar,3
Gustav_Cazar,Dylan_Scozzese,1
Carla_Forluniau,Mat_Bramar,19
Cornelia_Lais,Dante_Coginian,1
Irene_Nant,Albina_Hafon,5
Adan_Morlun,Dante_Coginian,6
Gustav_Cazar,Cecilia_Morluniau,1
Ruscella_Mies_Haber,Ada_Campo-Corrente,11
Adra_Nubarron,Anda_Ribera,3
Willem_Vasco-Pais,Dylan_Scozzese,1
Adra_Nubarron,Felix_Balas,3
Irene_Nant,Dylan_Scozzese,3
Emile_Arpa,Rachel_Pantanal,1
Hideki_Cocinaro,Lucas_Alcazar,1
Lucas_Alcazar,Carla_Forluniau,2
Albina_Hafon,Henk_Mies,11
Linnea_Bergen,Axel_Calzas,2
Marin_Onda,Lucas_Alcazar,1
Inga_Ferro,Sten_Sanjorge Jr_,2
Minke_Mies,Claudio_Hawelon,1
Edvard_Vann,Mat_Bramar,2
Elsa_Orilla,Mat_Bramar,2
Dante_Coginian,Minke_Mies,1
Isia_Vann,Edvard_Vann,3
Minke_Mies,Sven_Flecha,1
Adra_Nubarron,Lars_Azada,3
Ada_Campo-Corrente,Cecilia_Morluniau,2
Anda_Ribera,Stenig_Fusil,1
Irene_Nant,Isande_Borrasca,1
Hideki_Cocinaro,Rachel_Pantanal,1
Claudio_Hawelon,Edvard_Vann,1
Lars_Azada,Valeria_Morlun,2
Adra_Nubarron,Birgitta_Frente,3
Irene_Nant,Kanon_Herrero,1
Isak_Baza,Sten_Sanjorge Jr_,2
Marin_Onda,Kare_Orilla,1
Willem_Vasco-Pais,Minke_Mies,1
Hennie_Osvaldo,Varja_Lagos,5
Adra_Nubarron,Hennie_Osvaldo,3
Felix_Resumir,Henk_Mies,2
Elsa_Orilla,Anda_Ribera,2
Irene_Nant,Brand_Tempestad,1
Hideki_Cocinaro,Cornelia_Lais,1
Mat_Bramar,Vira_Frente,20
Isande_Borrasca,Loreto_Bodrogi,2
Inga_Ferro,Sven_Flecha,2
Mat_Bramar,Brand_Tempestad,20
Ruscella_Mies_Haber,Cecilia_Morluniau,10
Varro_Awelon,Dante_Coginian,4
Minke_Mies,Mat_Bramar,1
Dylan_Scozzese,Elsa_Orilla,1
Linnea_Bergen,Stenig_Fusil,2
Adan_Morlun,Birgitta_Frente,1
Dylan_Scozzese,Valeria_Morlun,8
Henk_Mies,Emile_Arpa,14
Felix_Resumir,Dante_Coginian,2
Adra_Nubarron,Bertrand_Ovan,3
Felix_Resumir,Adan_Morlun,2
Varja_Lagos,Isia_Vann,5
Emile_Arpa,Dylan_Scozzese,3
Varro_Awelon,Emile_Arpa,3
Mat_Bramar,Axel_Calzas,20
Gustav_Cazar,Axel_Calzas,1
Loreto_Bodrogi,Edvard_Vann,2
Kanon_Herrero,Orhan_Strum,1
Lars_Azada,Carla_Forluniau,2
Elsa_Orilla,Varja_Lagos,2
Marin_Onda,Claudio_Hawelon,1
Emile_Arpa,Benito_Hawelon,3
Cornelia_Lais,Marin_Onda,1
Dylan_Scozzese,Albina_Hafon,9
Emile_Arpa,Valeria_Morlun,4
Edvard_Vann,Sten_Sanjorge Jr_,2
Mat_Bramar,Anda_Ribera,38
Loreto_Bodrogi,Carla_Forluniau,1
Hennie_Osvaldo,Brand_Tempestad,3
Loreto_Bodrogi,Vira_Frente,1
Adan_Morlun,Nils_Calixto,1
Varro_Awelon,Birgitta_Frente,1
Linnea_Bergen,Dylan_Scozzese,2
Loreto_Bodrogi,Valeria_Morlun,1
Inga_Ferro,Isia_Vann,7
Emile_Arpa,Lucas_Alcazar,1
Loreto_Bodrogi,Henk_Mies,1
Hennie_Osvaldo,Isande_Borrasca,3
Mat_Bramar,Valeria_Morlun,20
Willem_Vasco-Pais,Isia_Vann,1
Adra_Nubarron,Hideki_Cocinaro,3
Cornelia_Lais,Claudio_Hawelon,1
Inga_Ferro,Adan_Morlun,2
Felix_Resumir,Ada_Campo-Corrente,2
Felix_Resumir,Loreto_Bodrogi,4
Anda_Ribera,Varro_Awelon,1
Mat_Bramar,Varja_Lagos,20
Isak_Baza,Hennie_Osvaldo,2
Inga_Ferro,Valeria_Morlun,2
Dylan_Scozzese,Irene_Nant,5
Adra_Nubarron,Cecilia_Morluniau,3
Lars_Azada,Albina_Hafon,2
Irene_Nant,Rachel_Pantanal,1
Isande_Borrasca,Sten_Sanjorge Jr_,2
Lars_Azada,Kanon_Herrero,2
Cecilia_Morluniau,Albina_Hafon,7
Adra_Nubarron,Kanon_Herrero,3
Adra_Nubarron,Edvard_Vann,3
Dylan_Scozzese,Stenig_Fusil,1
Marin_Onda,Felix_Balas,1
Varro_Awelon,Ruscella_Mies_Haber,1
Axel_Calzas,Linda_Lagos,2
Minke_Mies,Brand_Tempestad,1
Ruscella_Mies_Haber,Orhan_Strum,10
Emile_Arpa,Claudio_Hawelon,3
Loreto_Bodrogi,Isande_Borrasca,1
Ruscella_Mies_Haber,Adra_Nubarron,12
Dante_Coginian,Gustav_Cazar,1
Elsa_Orilla,Vira_Frente,2
Gustav_Cazar,Bertrand_Ovan,1
Dante_Coginian,Brand_Tempestad,1
Loreto_Bodrogi,Dylan_Scozzese,1
Gustav_Cazar,Lidelse_Dedos,1
Benito_Hawelon,Sven_Flecha,1
Stenig_Fusil,Felix_Resumir,8
Ada_Campo-Corrente,Henk_Mies,2
Loreto_Bodrogi,Lars_Azada,1
Ingrid_Barranco,Brand_Tempestad,5
Isande_Borrasca,Cornelia_Lais,2
Adan_Morlun,Felix_Balas,1
Linnea_Bergen,Emile_Arpa,2
Edvard_Vann,Isia_Vann,5
Irene_Nant,Varro_Awelon,3
Valeria_Morlun,Irene_Nant,2
Cecilia_Morluniau,Irene_Nant,6
Adra_Nubarron,Brand_Tempestad,3
Irene_Nant,Ada_Campo-Corrente,1
Lars_Azada,Brand_Tempestad,2
Irene_Nant,Marin_Onda,1
Lars_Azada,Adra_Nubarron,2
Hennie_Osvaldo,Dante_Coginian,3
Hideki_Cocinaro,Anda_Ribera,1
Edvard_Vann,Felix_Balas,2
Linnea_Bergen,Felix_Resumir,2
Edvard_Vann,Isak_Baza,2
Carla_Forluniau,Cornelia_Lais,19
Dylan_Scozzese,Sten_Sanjorge Jr_,1
Minke_Mies,Lars_Azada,1
Isande_Borrasca,Felix_Resumir,2
Willem_Vasco-Pais,Dante_Coginian,1
Irene_Nant,Ruscella_Mies_Haber,1
Hideki_Cocinaro,Felix_Resumir,2
Anda_Ribera,Emile_Arpa,1
Ruscella_Mies_Haber,Ingrid_Barranco,10
Ingrid_Barranco,Kanon_Herrero,5
Isande_Borrasca,Dante_Coginian,2
Hennie_Osvaldo,Emile_Arpa,3
Isak_Baza,Linnea_Bergen,2
Isak_Baza,Isande_Borrasca,2
Loreto_Bodrogi,Kare_Orilla,1
Dante_Coginian,Rachel_Pantanal,1
Emile_Arpa,Ruscella_Mies_Haber,1
Emile_Arpa,Dante_Coginian,3
Isak_Baza,Gustav_Cazar,2
Dylan_Scozzese,Cecilia_Morluniau,4
Cornelia_Lais,Ingrid_Barranco,1
Marin_Onda,Rachel_Pantanal,1
Irene_Nant,Emile_Arpa,2
Hideki_Cocinaro,Edvard_Vann,3
Anda_Ribera,Benito_Hawelon,1
Adan_Morlun,Cecilia_Morluniau,6
Anda_Ribera,Carla_Forluniau,14
Linnea_Bergen,Sten_Sanjorge Jr_,2
Lars_Azada,Birgitta_Frente,2
Cornelia_Lais,Brand_Tempestad,1
Cornelia_Lais,Willem_Vasco-Pais,1
Rachel_Pantanal,Ruscella_Mies_Haber,14
Isande_Borrasca,Birgitta_Frente,2
Marin_Onda,Axel_Calzas,1
Cornelia_Lais,Vira_Frente,1
Benito_Hawelon,Irene_Nant,5
Dylan_Scozzese,Inga_Ferro,1
Lars_Azada,Mat_Bramar,2
Anda_Ribera,Henk_Mies,3
Ingrid_Barranco,Albina_Hafon,5
Minke_Mies,Henk_Mies,1
Mat_Bramar,Isak_Baza,20
Lucas_Alcazar,Inga_Ferro,2
Emile_Arpa,Elsa_Orilla,1
Cornelia_Lais,Benito_Hawelon,1
Elsa_Orilla,Isande_Borrasca,2
Claudio_Hawelon,Felix_Balas,1
Albina_Hafon,Emile_Arpa,3
Anda_Ribera,Varja_Lagos,1
Minke_Mies,Orhan_Strum,1
Cornelia_Lais,Emile_Arpa,1
Cornelia_Lais,Edvard_Vann,1
Edvard_Vann,Linnea_Bergen,2
Hideki_Cocinaro,Axel_Calzas,1
Ruscella_Mies_Haber,Anda_Ribera,24
Willem_Vasco-Pais,Benito_Hawelon,1
Dylan_Scozzese,Henk_Mies,10
Henk_Mies,Bertrand_Ovan,5
Irene_Nant,Hennie_Osvaldo,1
Linnea_Bergen,Rachel_Pantanal,2
Claudio_Hawelon,Ruscella_Mies_Haber,1
Valeria_Morlun,Emile_Arpa,1
Inga_Ferro,Dylan_Scozzese,2
Dante_Coginian,Kanon_Herrero,1
Claudio_Hawelon,Cecilia_Morluniau,8
Adra_Nubarron,Isak_Baza,3
Inga_Ferro,Ada_Campo-Corrente,2
Varro_Awelon,Irene_Nant,5
Irene_Nant,Varja_Lagos,1
Irene_Nant,Felix_Balas,1
Lars_Azada,Felix_Resumir,2
Adra_Nubarron,Lucas_Alcazar,3
Claudio_Hawelon,Anda_Ribera,1
Ingrid_Barranco,Stenig_Fusil,5
Hennie_Osvaldo,Albina_Hafon,3
Lucas_Alcazar,Minke_Mies,2
Ruscella_Mies_Haber,Kanon_Herrero,10
Lars_Azada,Willem_Vasco-Pais,2
Marin_Onda,Hennie_Osvaldo,1
Edvard_Vann,Adra_Nubarron,2
Hideki_Cocinaro,Adra_Nubarron,1
Elsa_Orilla,Ada_Campo-Corrente,2
Ruscella_Mies_Haber,Isak_Baza,10
Hennie_Osvaldo,Dylan_Scozzese,3
Ingrid_Barranco,Adra_Nubarron,5
Dante_Coginian,Felix_Balas,1
Isande_Borrasca,Linnea_Bergen,2
Kanon_Herrero,Edvard_Vann,6
Dylan_Scozzese,Carla_Forluniau,1
Adra_Nubarron,Dante_Coginian,3
Dante_Coginian,Sven_Flecha,1
Hennie_Osvaldo,Sven_Flecha,3
Hideki_Cocinaro,Valeria_Morlun,1
Hideki_Cocinaro,Benito_Hawelon,1
Cornelia_Lais,Loreto_Bodrogi,1
Elsa_Orilla,Ruscella_Mies_Haber,2
Adan_Morlun,Elsa_Orilla,1
Isak_Baza,Kanon_Herrero,2
Cornelia_Lais,Isak_Baza,1
Adan_Morlun,Emile_Arpa,5
Linnea_Bergen,Albina_Hafon,2
Hideki_Cocinaro,Inga_Ferro,4
Ingrid_Barranco,Isia_Vann,5
Varja_Lagos,Inga_Ferro,5
Edvard_Vann,Henk_Mies,3
Cecilia_Morluniau,Emile_Arpa,1
Cornelia_Lais,Lidelse_Dedos,1
Edvard_Vann,Ada_Campo-Corrente,2
Willem_Vasco-Pais,Felix_Balas,1
Ruscella_Mies_Haber,Claudio_Hawelon,10
Lucas_Alcazar,Vira_Frente,2
Mat_Bramar,Rachel_Pantanal,38
Gustav_Cazar,Inga_Ferro,1
Anda_Ribera,Nils_Calixto,1
Axel_Calzas,Orhan_Strum,2
Cornelia_Lais,Henk_Mies,1
Claudio_Hawelon,Kare_Orilla,1
Adra_Nubarron,Kare_Orilla,3
Ada_Campo-Corrente,Sten_Sanjorge Jr_,2
Marin_Onda,Sten_Sanjorge Jr_,1
Benito_Hawelon,Sten_Sanjorge Jr_,1
Varro_Awelon,Marin_Onda,1
Ingrid_Barranco,Edvard_Vann,5
Felix_Resumir,Marin_Onda,2
Adra_Nubarron,Linda_Lagos,3
Ruscella_Mies_Haber,Henk_Mies,10
Cornelia_Lais,Kanon_Herrero,1
Claudio_Hawelon,Nils_Calixto,1
Henk_Mies,Anda_Ribera,2
Claudio_Hawelon,Adan_Morlun,9
Varja_Lagos,Hideki_Cocinaro,7
Linnea_Bergen,Kare_Orilla,2
Marin_Onda,Elsa_Orilla,1
Inga_Ferro,Irene_Nant,2
Ingrid_Barranco,Varro_Awelon,5
Kanon_Herrero,Rachel_Pantanal,1
Kanon_Herrero,Minke_Mies,6
Dylan_Scozzese,Edvard_Vann,1
Claudio_Hawelon,Bertrand_Ovan,4
Willem_Vasco-Pais,Bertrand_Ovan,1
Ada_Campo-Corrente,Axel_Calzas,2
Edvard_Vann,Inga_Ferro,5
Felix_Resumir,Elsa_Orilla,2
Inga_Ferro,Minke_Mies,11
Cornelia_Lais,Sven_Flecha,1
Dante_Coginian,Claudio_Hawelon,7
Albina_Hafon,Varro_Awelon,2
Hideki_Cocinaro,Cecilia_Morluniau,1
Linda_Lagos,Carla_Forluniau,18
Willem_Vasco-Pais,Linda_Lagos,1
Felix_Resumir,Vira_Frente,2
Lars_Azada,Edvard_Vann,2
Benito_Hawelon,Dante_Coginian,7
Isande_Borrasca,Vira_Frente,2
Inga_Ferro,Rachel_Pantanal,2
Felix_Resumir,Lars_Azada,2
Edvard_Vann,Willem_Vasco-Pais,2
Willem_Vasco-Pais,Adra_Nubarron,1
Ruscella_Mies_Haber,Lidelse_Dedos,10
Minke_Mies,Isak_Baza,1
Benito_Hawelon,Vira_Frente,1
Felix_Resumir,Benito_Hawelon,2
Hennie_Osvaldo,Felix_Balas,4
Cornelia_Lais,Ruscella_Mies_Haber,21
Isak_Baza,Carla_Forluniau,2
Mat_Bramar,Cecilia_Morluniau,20
Anda_Ribera,Ruscella_Mies_Haber,14
Bertrand_Ovan,Dylan_Scozzese,26
Dante_Coginian,Stenig_Fusil,1
Ruscella_Mies_Haber,Brand_Tempestad,10
Lars_Azada,Hideki_Cocinaro,2
Minke_Mies,Linnea_Bergen,1
Isande_Borrasca,Rachel_Pantanal,2
Dylan_Scozzese,Orhan_Strum,1
Marin_Onda,Varja_Lagos,1
Ingrid_Barranco,Anda_Ribera,5
Linnea_Bergen,Valeria_Morlun,2
Emile_Arpa,Lidelse_Dedos,1
Kanon_Herrero,Ruscella_Mies_Haber,1
Linnea_Bergen,Henk_Mies,2
Isak_Baza,Orhan_Strum,2
Isande_Borrasca,Bertrand_Ovan,2
Axel_Calzas,Stenig_Fusil,2
Adan_Morlun,Ada_Campo-Corrente,1
Felix_Resumir,Sven_Flecha,2
Loreto_Bodrogi,Ingrid_Barranco,4
Isak_Baza,Vira_Frente,2
Ada_Campo-Corrente,Mat_Bramar,2
Edvard_Vann,Axel_Calzas,2
Bertrand_Ovan,Dante_Coginian,26
Felix_Resumir,Dylan_Scozzese,2
Albina_Hafon,Claudio_Hawelon,2
Felix_Resumir,Minke_Mies,4
Edvard_Vann,Irene_Nant,2
Dylan_Scozzese,Birgitta_Frente,1
Hideki_Cocinaro,Sten_Sanjorge Jr_,1
Hideki_Cocinaro,Orhan_Strum,1
Linnea_Bergen,Hennie_Osvaldo,3
Emile_Arpa,Marin_Onda,1
Adan_Morlun,Lidelse_Dedos,1
Isande_Borrasca,Lucas_Alcazar,2
Kanon_Herrero,Carla_Forluniau,1
Marin_Onda,Felix_Resumir,1
Albina_Hafon,Valeria_Morlun,6
Irene_Nant,Sten_Sanjorge Jr_,1
Ingrid_Barranco,Lidelse_Dedos,5
Benito_Hawelon,Linnea_Bergen,1
Elsa_Orilla,Sven_Flecha,2
Gustav_Cazar,Orhan_Strum,1
Lars_Azada,Cecilia_Morluniau,2
Adan_Morlun,Linda_Lagos,1
Cornelia_Lais,Inga_Ferro,1
Dylan_Scozzese,Bertrand_Ovan,3
Inga_Ferro,Axel_Calzas,2
Irene_Nant,Orhan_Strum,1
Willem_Vasco-Pais,Mat_Bramar,1
Anda_Ribera,Brand_Tempestad,1
Valeria_Morlun,Varro_Awelon,1
Elsa_Orilla,Albina_Hafon,2
Axel_Calzas,Lars_Azada,2
Inga_Ferro,Emile_Arpa,2
Linnea_Bergen,Nils_Calixto,2
Lucas_Alcazar,Bertrand_Ovan,2
Stenig_Fusil,Varja_Lagos,3
Emile_Arpa,Hideki_Cocinaro,1
Lars_Azada,Sven_Flecha,2
Isak_Baza,Ruscella_Mies_Haber,2
Isak_Baza,Mat_Bramar,2
Marin_Onda,Loreto_Bodrogi,1
Ada_Campo-Corrente,Sven_Flecha,2
Minke_Mies,Valeria_Morlun,1
Ada_Campo-Corrente,Isak_Baza,2
Lucas_Alcazar,Ingrid_Barranco,2
Adra_Nubarron,Varja_Lagos,3
Elsa_Orilla,Emile_Arpa,2
Benito_Hawelon,Lars_Azada,1
Felix_Resumir,Stenig_Fusil,4
Linnea_Bergen,Claudio_Hawelon,2
Lars_Azada,Kare_Orilla,2
Adan_Morlun,Lucas_Alcazar,1
Adan_Morlun,Carla_Forluniau,1
Ada_Campo-Corrente,Anda_Ribera,2
Lucas_Alcazar,Willem_Vasco-Pais,2
Gustav_Cazar,Ingrid_Barranco,1
Lucas_Alcazar,Adra_Nubarron,2
Linnea_Bergen,Willem_Vasco-Pais,2
Cornelia_Lais,Anda_Ribera,21
Cecilia_Morluniau,Dante_Coginian,3
Adra_Nubarron,Loreto_Bodrogi,3
Marin_Onda,Ada_Campo-Corrente,1
Edvard_Vann,Isande_Borrasca,2
Marin_Onda,Minke_Mies,1
Edvard_Vann,Elsa_Orilla,5
Isande_Borrasca,Hennie_Osvaldo,2
Albina_Hafon,Bertrand_Ovan,5
Anda_Ribera,Felix_Resumir,1
Adra_Nubarron,Minke_Mies,3
Adan_Morlun,Mat_Bramar,1
Varro_Awelon,Elsa_Orilla,1
Benito_Hawelon,Kanon_Herrero,1
Willem_Vasco-Pais,Axel_Calzas,1
Marin_Onda,Dante_Coginian,1
Elsa_Orilla,Kare_Orilla,2
Emile_Arpa,Sten_Sanjorge Jr_,1
Anda_Ribera,Linda_Lagos,14
Inga_Ferro,Mat_Bramar,2
Marin_Onda,Edvard_Vann,1
Axel_Calzas,Emile_Arpa,2
Axel_Calzas,Linnea_Bergen,2
Ingrid_Barranco,Cecilia_Morluniau,5
Gustav_Cazar,Valeria_Morlun,1
Axel_Calzas,Cornelia_Lais,2
Isande_Borrasca,Adan_Morlun,2
Benito_Hawelon,Nils_Calixto,1
Loreto_Bodrogi,Ada_Campo-Corrente,1
Kanon_Herrero,Bertrand_Ovan,1
Marin_Onda,Isia_Vann,1
Varro_Awelon,Albina_Hafon,6
Gustav_Cazar,Rachel_Pantanal,1
Ruscella_Mies_Haber,Linda_Lagos,24
Isak_Baza,Valeria_Morlun,2
Hideki_Cocinaro,Dylan_Scozzese,1
Anda_Ribera,Ada_Campo-Corrente,1
Axel_Calzas,Albina_Hafon,2
Henk_Mies,Claudio_Hawelon,16
Inga_Ferro,Marin_Onda,2
Linnea_Bergen,Isande_Borrasca,2
Benito_Hawelon,Orhan_Strum,1
Hideki_Cocinaro,Vira_Frente,1
Ada_Campo-Corrente,Ingrid_Barranco,2
Isande_Borrasca,Kanon_Herrero,2
Willem_Vasco-Pais,Vira_Frente,1
Adan_Morlun,Loreto_Bodrogi,1
Irene_Nant,Inga_Ferro,1
Willem_Vasco-Pais,Lidelse_Dedos,1
Benito_Hawelon,Isia_Vann,1
Inga_Ferro,Varja_Lagos,4
Claudio_Hawelon,Brand_Tempestad,1
Hennie_Osvaldo,Rachel_Pantanal,5
Mat_Bramar,Minke_Mies,20
Loreto_Bodrogi,Sven_Flecha,1
Gustav_Cazar,Birgitta_Frente,1
Adan_Morlun,Sven_Flecha,1
Isande_Borrasca,Ruscella_Mies_Haber,2
Elsa_Orilla,Dylan_Scozzese,2
Gustav_Cazar,Ruscella_Mies_Haber,1
Isande_Borrasca,Isia_Vann,2
Kanon_Herrero,Emile_Arpa,1
Isia_Vann,Inga_Ferro,2
Adra_Nubarron,Marin_Onda,3
Hideki_Cocinaro,Claudio_Hawelon,1
Marin_Onda,Bertrand_Ovan,1
Loreto_Bodrogi,Varro_Awelon,1
Willem_Vasco-Pais,Elsa_Orilla,1
Elsa_Orilla,Lucas_Alcazar,2
Felix_Resumir,Linda_Lagos,2
Anda_Ribera,Valeria_Morlun,1
Linnea_Bergen,Lidelse_Dedos,2
Gustav_Cazar,Hennie_Osvaldo,1
Benito_Hawelon,Birgitta_Frente,1
Loreto_Bodrogi,Emile_Arpa,1
Kanon_Herrero,Cecilia_Morluniau,1
Henk_Mies,Varro_Awelon,11
Dylan_Scozzese,Lars_Azada,1
Anda_Ribera,Adan_Morlun,1
Axel_Calzas,Gustav_Cazar,2
Edvard_Vann,Ingrid_Barranco,2
Cornelia_Lais,Dylan_Scozzese,1
Lucas_Alcazar,Dylan_Scozzese,2
Kanon_Herrero,Isia_Vann,3
Valeria_Morlun,Henk_Mies,5
Axel_Calzas,Varro_Awelon,2
Irene_Nant,Elsa_Orilla,1
Minke_Mies,Cecilia_Morluniau,1
Dante_Coginian,Isak_Baza,1
Felix_Resumir,Ruscella_Mies_Haber,2
Axel_Calzas,Hennie_Osvaldo,2
Claudio_Hawelon,Inga_Ferro,1
Adan_Morlun,Anda_Ribera,1
Varro_Awelon,Lars_Azada,1
Ada_Campo-Corrente,Orhan_Strum,2
Isak_Baza,Lucas_Alcazar,2
Willem_Vasco-Pais,Inga_Ferro,1
Ingrid_Barranco,Loreto_Bodrogi,7
Lucas_Alcazar,Linnea_Bergen,2
Axel_Calzas,Minke_Mies,2
Dylan_Scozzese,Anda_Ribera,1
Valeria_Morlun,Cecilia_Morluniau,2
Willem_Vasco-Pais,Stenig_Fusil,1
Minke_Mies,Stenig_Fusil,1
Hideki_Cocinaro,Mat_Bramar,1
Claudio_Hawelon,Benito_Hawelon,7
Inga_Ferro,Carla_Forluniau,2
Mat_Bramar,Stenig_Fusil,20
Ingrid_Barranco,Ruscella_Mies_Haber,5
Isande_Borrasca,Anda_Ribera,2
Adra_Nubarron,Nils_Calixto,3
Elsa_Orilla,Gustav_Cazar,2
Claudio_Hawelon,Valeria_Morlun,7
Ingrid_Barranco,Minke_Mies,5
Lars_Azada,Adan_Morlun,2
Axel_Calzas,Benito_Hawelon,2
Irene_Nant,Adra_Nubarron,1
Linnea_Bergen,Loreto_Bodrogi,3
Lucas_Alcazar,Nils_Calixto,2
Hideki_Cocinaro,Varro_Awelon,1
Albina_Hafon,Dylan_Scozzese,9
Dante_Coginian,Dylan_Scozzese,5
Willem_Vasco-Pais,Isak_Baza,1
Felix_Resumir,Albina_Hafon,2
Dante_Coginian,Willem_Vasco-Pais,1
Emile_Arpa,Isak_Baza,1
Felix_Resumir,Claudio_Hawelon,2
Emile_Arpa,Henk_Mies,4
Edvard_Vann,Ruscella_Mies_Haber,2
Gustav_Cazar,Vira_Frente,1
Inga_Ferro,Kanon_Herrero,4
Ruscella_Mies_Haber,Mat_Bramar,24
Mat_Bramar,Lidelse_Dedos,20
Henk_Mies,Irene_Nant,16
Gustav_Cazar,Adra_Nubarron,1
Isande_Borrasca,Dylan_Scozzese,2
Adan_Morlun,Benito_Hawelon,8
Dylan_Scozzese,Linda_Lagos,1
Loreto_Bodrogi,Albina_Hafon,1
Isande_Borrasca,Valeria_Morlun,2
Axel_Calzas,Cecilia_Morluniau,2
Gustav_Cazar,Sven_Flecha,1
Linnea_Bergen,Edvard_Vann,2
Ingrid_Barranco,Orhan_Strum,5
Claudio_Hawelon,Emile_Arpa,5
Isande_Borrasca,Lidelse_Dedos,2
Ruscella_Mies_Haber,Vira_Frente,10
Loreto_Bodrogi,Lidelse_Dedos,1
Varro_Awelon,Isia_Vann,1
Henk_Mies,Dante_Coginian,14
Ada_Campo-Corrente,Varja_Lagos,2
Claudio_Hawelon,Varro_Awelon,6
Isak_Baza,Willem_Vasco-Pais,2
Axel_Calzas,Valeria_Morlun,2
Felix_Resumir,Valeria_Morlun,2
Gustav_Cazar,Lucas_Alcazar,1
Benito_Hawelon,Lidelse_Dedos,1
Gustav_Cazar,Anda_Ribera,1
Dylan_Scozzese,Hideki_Cocinaro,1
Varro_Awelon,Vira_Frente,1
Isande_Borrasca,Willem_Vasco-Pais,2
Minke_Mies,Inga_Ferro,5
Lars_Azada,Ruscella_Mies_Haber,2
Carla_Forluniau,Rachel_Pantanal,19
Irene_Nant,Carla_Forluniau,1
Ada_Campo-Corrente,Varro_Awelon,2
Isak_Baza,Birgitta_Frente,2
Linnea_Bergen,Benito_Hawelon,2
Claudio_Hawelon,Lucas_Alcazar,1
Ada_Campo-Corrente,Kanon_Herrero,2
Minke_Mies,Ingrid_Barranco,1
Ada_Campo-Corrente,Felix_Resumir,2
Marin_Onda,Emile_Arpa,1
Gustav_Cazar,Marin_Onda,1
Hennie_Osvaldo,Carla_Forluniau,3
Claudio_Hawelon,Dante_Coginian,5
Minke_Mies,Hennie_Osvaldo,2
Valeria_Morlun,Adan_Morlun,1
Ingrid_Barranco,Sven_Flecha,5
Varro_Awelon,Dylan_Scozzese,2
Kanon_Herrero,Claudio_Hawelon,1
Linnea_Bergen,Vira_Frente,2
Linnea_Bergen,Ingrid_Barranco,2
Marin_Onda,Willem_Vasco-Pais,1
Kanon_Herrero,Elsa_Orilla,1
Minke_Mies,Loreto_Bodrogi,2
Varro_Awelon,Gustav_Cazar,1
Adan_Morlun,Isande_Borrasca,1
Felix_Resumir,Varro_Awelon,2
Dante_Coginian,Lidelse_Dedos,1
Isande_Borrasca,Emile_Arpa,2
Marin_Onda,Henk_Mies,1
Dante_Coginian,Loreto_Bodrogi,1
Hideki_Cocinaro,Willem_Vasco-Pais,1
Isak_Baza,Varja_Lagos,2
Inga_Ferro,Willem_Vasco-Pais,2
Axel_Calzas,Elsa_Orilla,2
Anda_Ribera,Minke_Mies,1
Willem_Vasco-Pais,Lars_Azada,1
Elsa_Orilla,Valeria_Morlun,2
Dante_Coginian,Adan_Morlun,6
Varro_Awelon,Sven_Flecha,1
Dylan_Scozzese,Gustav_Cazar,1
Kanon_Herrero,Linnea_Bergen,1
Dante_Coginian,Ingrid_Barranco,1
Anda_Ribera,Claudio_Hawelon,1
Felix_Resumir,Lidelse_Dedos,2
Elsa_Orilla,Hennie_Osvaldo,2
Inga_Ferro,Lars_Azada,2
Elsa_Orilla,Henk_Mies,2
Willem_Vasco-Pais,Cecilia_Morluniau,1
Varja_Lagos,Kanon_Herrero,5
Claudio_Hawelon,Axel_Calzas,1
Loreto_Bodrogi,Inga_Ferro,5
Isak_Baza,Adra_Nubarron,2
Lucas_Alcazar,Hennie_Osvaldo,2
Dante_Coginian,Isande_Borrasca,1
Adan_Morlun,Lars_Azada,1
Elsa_Orilla,Ingrid_Barranco,2
Isak_Baza,Ada_Campo-Corrente,2
Cornelia_Lais,Valeria_Morlun,1
Isande_Borrasca,Minke_Mies,2
Benito_Hawelon,Inga_Ferro,1
Marin_Onda,Varro_Awelon,1
Ada_Campo-Corrente,Isande_Borrasca,2
Felix_Resumir,Linnea_Bergen,2
Kanon_Herrero,Stenig_Fusil,2
Felix_Resumir,Adra_Nubarron,2
Isak_Baza,Linda_Lagos,2
Loreto_Bodrogi,Nils_Calixto,1
Inga_Ferro,Brand_Tempestad,2
Anda_Ribera,Lucas_Alcazar,1
Mat_Bramar,Kanon_Herrero,20
Varro_Awelon,Lucas_Alcazar,1
Hideki_Cocinaro,Albina_Hafon,1
Cornelia_Lais,Adan_Morlun,1
Gustav_Cazar,Linda_Lagos,1
Adan_Morlun,Gustav_Cazar,1
Hennie_Osvaldo,Lidelse_Dedos,3
Henk_Mies,Valeria_Morlun,17
Isia_Vann,Varja_Lagos,3
Benito_Hawelon,Brand_Tempestad,1
Hennie_Osvaldo,Axel_Calzas,3
Benito_Hawelon,Edvard_Vann,1
Irene_Nant,Adan_Morlun,6
Irene_Nant,Minke_Mies,1
Cornelia_Lais,Nils_Calixto,1
Irene_Nant,Cornelia_Lais,1
Marin_Onda,Carla_Forluniau,1
Dylan_Scozzese,Axel_Calzas,1
Irene_Nant,Hideki_Cocinaro,1
Dante_Coginian,Hennie_Osvaldo,1
Varja_Lagos,Hennie_Osvaldo,6
Lucas_Alcazar,Isande_Borrasca,2
Ingrid_Barranco,Linda_Lagos,5
Adan_Morlun,Cornelia_Lais,1
Dante_Coginian,Orhan_Strum,1
Claudio_Hawelon,Birgitta_Frente,1
Edvard_Vann,Varja_Lagos,4
Emile_Arpa,Gustav_Cazar,1
Minke_Mies,Willem_Vasco-Pais,1
Linnea_Bergen,Mat_Bramar,2
Axel_Calzas,Marin_Onda,2
Edvard_Vann,Loreto_Bodrogi,5
Gustav_Cazar,Cornelia_Lais,1
Hideki_Cocinaro,Isak_Baza,1
Emile_Arpa,Bertrand_Ovan,2
Irene_Nant,Anda_Ribera,1
Isak_Baza,Dante_Coginian,2
Willem_Vasco-Pais,Carla_Forluniau,1
Ada_Campo-Corrente,Felix_Balas,2
Marin_Onda,Lidelse_Dedos,1
Linnea_Bergen,Elsa_Orilla,2
Isak_Baza,Hideki_Cocinaro,2
Ada_Campo-Corrente,Claudio_Hawelon,2
Lucas_Alcazar,Kare_Orilla,2
Varja_Lagos,Felix_Resumir,4
Elsa_Orilla,Cecilia_Morluniau,2
Varro_Awelon,Linda_Lagos,1
Kanon_Herrero,Lucas_Alcazar,1
Adra_Nubarron,Vira_Frente,3
Lucas_Alcazar,Ada_Campo-Corrente,2
Lars_Azada,Isande_Borrasca,2
Hennie_Osvaldo,Isia_Vann,9
Hennie_Osvaldo,Stenig_Fusil,6
Gustav_Cazar,Linnea_Bergen,1
Edvard_Vann,Carla_Forluniau,2
Loreto_Bodrogi,Hennie_Osvaldo,6
Dylan_Scozzese,Lidelse_Dedos,1
Irene_Nant,Vira_Frente,1
Ingrid_Barranco,Dylan_Scozzese,5
Axel_Calzas,Ada_Campo-Corrente,2
Minke_Mies,Lucas_Alcazar,1
Emile_Arpa,Linnea_Bergen,1
Dante_Coginian,Albina_Hafon,5
Lucas_Alcazar,Sven_Flecha,2
Gustav_Cazar,Stenig_Fusil,1
Linnea_Bergen,Birgitta_Frente,2
Stenig_Fusil,Kanon_Herrero,6
Henk_Mies,Benito_Hawelon,23
Minke_Mies,Dylan_Scozzese,1
Gustav_Cazar,Varja_Lagos,1
Emile_Arpa,Felix_Resumir,1
Irene_Nant,Sven_Flecha,1
Anda_Ribera,Linnea_Bergen,1
Adan_Morlun,Willem_Vasco-Pais,1
Dante_Coginian,Linda_Lagos,1
Ingrid_Barranco,Carla_Forluniau,5
Loreto_Bodrogi,Varja_Lagos,4
Kanon_Herrero,Brand_Tempestad,1
Emile_Arpa,Minke_Mies,1
Anda_Ribera,Sten_Sanjorge Jr_,1
Mat_Bramar,Varro_Awelon,20
Ruscella_Mies_Haber,Kare_Orilla,10
Stenig_Fusil,Inga_Ferro,4
Hennie_Osvaldo,Edvard_Vann,4
Dylan_Scozzese,Linnea_Bergen,1
Mat_Bramar,Lars_Azada,20
Emile_Arpa,Kare_Orilla,1
Gustav_Cazar,Isak_Baza,1
Minke_Mies,Varja_Lagos,1
Ingrid_Barranco,Hideki_Cocinaro,5
Marin_Onda,Ruscella_Mies_Haber,1
Linda_Lagos,Ruscella_Mies_Haber,18
Cecilia_Morluniau,Valeria_Morlun,3
Kanon_Herrero,Birgitta_Frente,1
Edvard_Vann,Bertrand_Ovan,2
Elsa_Orilla,Brand_Tempestad,2
Cornelia_Lais,Cecilia_Morluniau,1
Cornelia_Lais,Felix_Resumir,1
Adan_Morlun,Albina_Hafon,9
Mat_Bramar,Adan_Morlun,20
Mat_Bramar,Ruscella_Mies_Haber,38
Felix_Resumir,Isande_Borrasca,2
Minke_Mies,Emile_Arpa,1
Axel_Calzas,Lucas_Alcazar,2
Claudio_Hawelon,Orhan_Strum,1
Ada_Campo-Corrente,Brand_Tempestad,2
Felix_Resumir,Lucas_Alcazar,2
Claudio_Hawelon,Albina_Hafon,9
Mat_Bramar,Sven_Flecha,20
Irene_Nant,Kare_Orilla,1
Lucas_Alcazar,Felix_Balas,2
Gustav_Cazar,Felix_Balas,1
Mat_Bramar,Hennie_Osvaldo,20
Inga_Ferro,Felix_Resumir,3
Axel_Calzas,Dylan_Scozzese,2
Claudio_Hawelon,Felix_Resumir,1
Marin_Onda,Orhan_Strum,1
Elsa_Orilla,Isia_Vann,2
Ruscella_Mies_Haber,Hideki_Cocinaro,10
Gustav_Cazar,Adan_Morlun,1
Elsa_Orilla,Benito_Hawelon,2
Marin_Onda,Benito_Hawelon,1
Linnea_Bergen,Brand_Tempestad,2
Ingrid_Barranco,Isande_Borrasca,5
Ruscella_Mies_Haber,Birgitta_Frente,10
Isak_Baza,Cecilia_Morluniau,2
Willem_Vasco-Pais,Kanon_Herrero,1
Lucas_Alcazar,Albina_Hafon,2
Cornelia_Lais,Lars_Azada,1
Irene_Nant,Ingrid_Barranco,1
Cornelia_Lais,Linda_Lagos,21
Adra_Nubarron,Adan_Morlun,3
Hennie_Osvaldo,Adra_Nubarron,3
Lars_Azada,Henk_Mies,2
Varro_Awelon,Rachel_Pantanal,1
Cornelia_Lais,Isia_Vann,1
Isak_Baza,Irene_Nant,2
Isak_Baza,Felix_Resumir,2
Ingrid_Barranco,Axel_Calzas,5
Adan_Morlun,Marin_Onda,1
Felix_Resumir,Axel_Calzas,2
Lars_Azada,Hennie_Osvaldo,2
Hennie_Osvaldo,Linda_Lagos,3
Kanon_Herrero,Dante_Coginian,1
Dante_Coginian,Emile_Arpa,7
Lars_Azada,Dante_Coginian,2
Axel_Calzas,Varja_Lagos,2
Axel_Calzas,Vira_Frente,2
Mat_Bramar,Adra_Nubarron,20
Hennie_Osvaldo,Valeria_Morlun,3
Anda_Ribera,Elsa_Orilla,1
Lars_Azada,Ingrid_Barranco,2
Kanon_Herrero,Irene_Nant,1
Ada_Campo-Corrente,Emile_Arpa,2
Hennie_Osvaldo,Kanon_Herrero,6
Edvard_Vann,Adan_Morlun,2
Ada_Campo-Corrente,Bertrand_Ovan,2
Elsa_Orilla,Stenig_Fusil,2
Emile_Arpa,Lars_Azada,1
Inga_Ferro,Albina_Hafon,2
Dante_Coginian,Inga_Ferro,1
Lucas_Alcazar,Loreto_Bodrogi,2
Kanon_Herrero,Isande_Borrasca,1
Bertrand_Ovan,Benito_Hawelon,26
Benito_Hawelon,Carla_Forluniau,1
Axel_Calzas,Edvard_Vann,2
Ingrid_Barranco,Felix_Balas,5
Stenig_Fusil,Hideki_Cocinaro,7
Lars_Azada,Lidelse_Dedos,2
Emile_Arpa,Loreto_Bodrogi,1
Linda_Lagos,Mat_Bramar,18
Adra_Nubarron,Rachel_Pantanal,3
Benito_Hawelon,Stenig_Fusil,1
Dylan_Scozzese,Minke_Mies,1
Willem_Vasco-Pais,Isande_Borrasca,1
Ingrid_Barranco,Willem_Vasco-Pais,5
Ingrid_Barranco,Cornelia_Lais,5
Lars_Azada,Inga_Ferro,2
Linnea_Bergen,Isak_Baza,2
Isia_Vann,Hideki_Cocinaro,4
Hideki_Cocinaro,Isande_Borrasca,1
Cornelia_Lais,Irene_Nant,1
Axel_Calzas,Mat_Bramar,2
Hennie_Osvaldo,Birgitta_Frente,3
Axel_Calzas,Rachel_Pantanal,2
Marin_Onda,Gustav_Cazar,1
Benito_Hawelon,Henk_Mies,12
Varro_Awelon,Isak_Baza,1
Linnea_Bergen,Inga_Ferro,3
Loreto_Bodrogi,Linnea_Bergen,1
Axel_Calzas,Irene_Nant,2
Ingrid_Barranco,Henk_Mies,5
Marin_Onda,Kanon_Herrero,1
Lucas_Alcazar,Kanon_Herrero,2
Axel_Calzas,Adan_Morlun,2
Isande_Borrasca,Elsa_Orilla,2
Loreto_Bodrogi,Sten_Sanjorge Jr_,1
Edvard_Vann,Lars_Azada,2
Adan_Morlun,Adra_Nubarron,1
Claudio_Hawelon,Isande_Borrasca,1
Isak_Baza,Axel_Calzas,2
Dylan_Scozzese,Hennie_Osvaldo,1
Anda_Ribera,Rachel_Pantanal,14
Dylan_Scozzese,Benito_Hawelon,5
Emile_Arpa,Carla_Forluniau,1
Ruscella_Mies_Haber,Cornelia_Lais,24
Edvard_Vann,Emile_Arpa,2
Carla_Forluniau,Anda_Ribera,19
Minke_Mies,Edvard_Vann,1
Stenig_Fusil,Isia_Vann,5
Claudio_Hawelon,Sven_Flecha,1
Edvard_Vann,Cecilia_Morluniau,2
Ingrid_Barranco,Elsa_Orilla,5
Varro_Awelon,Minke_Mies,1
Anda_Ribera,Edvard_Vann,1
Willem_Vasco-Pais,Lucas_Alcazar,1
Lucas_Alcazar,Marin_Onda,2
Ada_Campo-Corrente,Linnea_Bergen,2
Lucas_Alcazar,Ruscella_Mies_Haber,2
Edvard_Vann,Hennie_Osvaldo,7
Adra_Nubarron,Orhan_Strum,3
Hideki_Cocinaro,Ingrid_Barranco,1
Adra_Nubarron,Albina_Hafon,3
Benito_Hawelon,Rachel_Pantanal,1
Inga_Ferro,Cecilia_Morluniau,2
Linnea_Bergen,Marin_Onda,2
Mat_Bramar,Nils_Calixto,20
Felix_Resumir,Anda_Ribera,2
Ingrid_Barranco,Marin_Onda,5
Marin_Onda,Valeria_Morlun,1
Varro_Awelon,Cornelia_Lais,1
Ruscella_Mies_Haber,Linnea_Bergen,10
Cornelia_Lais,Elsa_Orilla,1
Lars_Azada,Axel_Calzas,2
Elsa_Orilla,Irene_Nant,2
Ruscella_Mies_Haber,Irene_Nant,10
Lars_Azada,Lucas_Alcazar,2
Carla_Forluniau,Ruscella_Mies_Haber,19
Linnea_Bergen,Lars_Azada,2
Varro_Awelon,Stenig_Fusil,1
Ada_Campo-Corrente,Lars_Azada,2
Elsa_Orilla,Lars_Azada,2
Adan_Morlun,Dylan_Scozzese,10
Linnea_Bergen,Hideki_Cocinaro,2
Felix_Resumir,Brand_Tempestad,2
Mat_Bramar,Gustav_Cazar,20
Minke_Mies,Anda_Ribera,1
Willem_Vasco-Pais,Felix_Resumir,1
Edvard_Vann,Kanon_Herrero,5
Isande_Borrasca,Albina_Hafon,2
Felix_Resumir,Isak_Baza,2
Hennie_Osvaldo,Sten_Sanjorge Jr_,3
Ada_Campo-Corrente,Hideki_Cocinaro,2
Cecilia_Morluniau,Varro_Awelon,3
Anda_Ribera,Vira_Frente,1
Elsa_Orilla,Dante_Coginian,2
Isak_Baza,Kare_Orilla,2
Lars_Azada,Sten_Sanjorge Jr_,2
Emile_Arpa,Albina_Hafon,4
Dylan_Scozzese,Lucas_Alcazar,1
Valeria_Morlun,Benito_Hawelon,3
Ruscella_Mies_Haber,Elsa_Orilla,10
Loreto_Bodrogi,Ruscella_Mies_Haber,2
Edvard_Vann,Nils_Calixto,2
Willem_Vasco-Pais,Anda_Ribera,1
Felix_Resumir,Hennie_Osvaldo,5
Hennie_Osvaldo,Orhan_Strum,3
Ingrid_Barranco,Ada_Campo-Corrente,5
Isande_Borrasca,Isak_Baza,2
Ada_Campo-Corrente,Carla_Forluniau,2
Anda_Ribera,Gustav_Cazar,1
Marin_Onda,Birgitta_Frente,1
Marin_Onda,Brand_Tempestad,1
Ada_Campo-Corrente,Cornelia_Lais,2
Irene_Nant,Stenig_Fusil,1
Ruscella_Mies_Haber,Valeria_Morlun,10
Dylan_Scozzese,Mat_Bramar,1
Cornelia_Lais,Felix_Balas,1
Emile_Arpa,Edvard_Vann,1
Ruscella_Mies_Haber,Lucas_Alcazar,10
Willem_Vasco-Pais,Henk_Mies,1
Minke_Mies,Hideki_Cocinaro,1
Dante_Coginian,Varro_Awelon,5
Hennie_Osvaldo,Felix_Resumir,6
Cecilia_Morluniau,Claudio_Hawelon,7
Gustav_Cazar,Claudio_Hawelon,1
Ingrid_Barranco,Sten_Sanjorge Jr_,5
Dante_Coginian,Varja_Lagos,1
Gustav_Cazar,Carla_Forluniau,1
Rachel_Pantanal,Cornelia_Lais,14
Edvard_Vann,Gustav_Cazar,2
Axel_Calzas,Ingrid_Barranco,2
Isia_Vann,Hennie_Osvaldo,4
Loreto_Bodrogi,Benito_Hawelon,1
Henk_Mies,Dylan_Scozzese,18
Anda_Ribera,Cecilia_Morluniau,1
Lucas_Alcazar,Cecilia_Morluniau,2
Felix_Resumir,Cecilia_Morluniau,2
Edvard_Vann,Lidelse_Dedos,2
Marin_Onda,Linda_Lagos,1
Bertrand_Ovan,Claudio_Hawelon,26
Willem_Vasco-Pais,Gustav_Cazar,1
Lucas_Alcazar,Claudio_Hawelon,2
Inga_Ferro,Anda_Ribera,2
Hennie_Osvaldo,Hideki_Cocinaro,6
Hideki_Cocinaro,Bertrand_Ovan,1
Ruscella_Mies_Haber,Sven_Flecha,10
Adra_Nubarron,Benito_Hawelon,3
Loreto_Bodrogi,Cornelia_Lais,1
Isak_Baza,Benito_Hawelon,2
Adra_Nubarron,Gustav_Cazar,3
Gustav_Cazar,Minke_Mies,1
Varro_Awelon,Hideki_Cocinaro,1
Felix_Resumir,Hideki_Cocinaro,4
Felix_Resumir,Irene_Nant,2
Hennie_Osvaldo,Irene_Nant,3
Sten_Sanjorge Jr_,Henk_Mies,2
Elsa_Orilla,Bertrand_Ovan,2
Lars_Azada,Isak_Baza,2
Linda_Lagos,Cornelia_Lais,18
Adra_Nubarron,Inga_Ferro,3
Dylan_Scozzese,Sven_Flecha,1
Anda_Ribera,Lidelse_Dedos,1
Dylan_Scozzese,Marin_Onda,1
Loreto_Bodrogi,Felix_Balas,1
Emile_Arpa,Ada_Campo-Corrente,1
Dylan_Scozzese,Isak_Baza,1
Loreto_Bodrogi,Minke_Mies,5
Isande_Borrasca,Varro_Awelon,2
Isak_Baza,Nils_Calixto,2
Benito_Hawelon,Isak_Baza,1
Lucas_Alcazar,Mat_Bramar,2
Dylan_Scozzese,Willem_Vasco-Pais,1
Claudio_Hawelon,Loreto_Bodrogi,1
Lucas_Alcazar,Valeria_Morlun,2
Isak_Baza,Albina_Hafon,2
Willem_Vasco-Pais,Sven_Flecha,1
Emile_Arpa,Mat_Bramar,1
Gustav_Cazar,Sten_Sanjorge Jr_,1
Adra_Nubarron,Isande_Borrasca,3
Elsa_Orilla,Cornelia_Lais,2
Cornelia_Lais,Kare_Orilla,1
Minke_Mies,Sten_Sanjorge Jr_,1
Adan_Morlun,Varro_Awelon,6
Lars_Azada,Felix_Balas,2
Lars_Azada,Linda_Lagos,2
Lars_Azada,Emile_Arpa,2
Cornelia_Lais,Orhan_Strum,1
Mat_Bramar,Henk_Mies,20
Ruscella_Mies_Haber,Rachel_Pantanal,24
Dante_Coginian,Felix_Resumir,1
Hennie_Osvaldo,Lars_Azada,3
Ruscella_Mies_Haber,Inga_Ferro,12
Minke_Mies,Felix_Resumir,1
Ingrid_Barranco,Rachel_Pantanal,5
Gustav_Cazar,Henk_Mies,1
Hideki_Cocinaro,Elsa_Orilla,1
Gustav_Cazar,Kanon_Herrero,1
Ada_Campo-Corrente,Lucas_Alcazar,2
Claudio_Hawelon,Lars_Azada,1
Ada_Campo-Corrente,Stenig_Fusil,2
Anda_Ribera,Inga_Ferro,1
Claudio_Hawelon,Ada_Campo-Corrente,1
Varro_Awelon,Kanon_Herrero,1
Kanon_Herrero,Henk_Mies,1
Inga_Ferro,Nils_Calixto,2
Isande_Borrasca,Carla_Forluniau,2
Minke_Mies,Bertrand_Ovan,1
Inga_Ferro,Bertrand_Ovan,2
Ingrid_Barranco,Isak_Baza,5
Lars_Azada,Cornelia_Lais,2
Isande_Borrasca,Brand_Tempestad,2
Inga_Ferro,Adra_Nubarron,2
Varro_Awelon,Valeria_Morlun,4
Adan_Morlun,Isak_Baza,1
Inga_Ferro,Birgitta_Frente,2
Adra_Nubarron,Valeria_Morlun,3
Mat_Bramar,Cornelia_Lais,38
Kanon_Herrero,Ingrid_Barranco,1
Dylan_Scozzese,Vira_Frente,1
Hennie_Osvaldo,Marin_Onda,3
Benito_Hawelon,Felix_Resumir,1
Dante_Coginian,Kare_Orilla,1
Dylan_Scozzese,Claudio_Hawelon,7
